entry_z,exit_z,min_hold,n_trades,win_rate,total_mtm,total_carry,total_pnl,avg_pnl_per_trade
1.0,-1.5,30,5,0.8,1215000,100188,1315188,263037.6
1.0,-1.25,30,7,0.8571428571428571,1912500,83684,1996184,285169.14285714284
1.0,-1.0,30,8,0.875,2025000,33280,2058280,257285.0
1.0,-0.75,30,8,0.875,1575000,18504,1593504,199188.0
1.0,-0.5,30,8,0.875,1237500,10204,1247704,155963.0
1.0,-0.25,30,10,0.9,1620000,12105,1632105,163210.5
1.0,0.0,30,11,0.8181818181818182,1890000,40665,1930665,175515.0
1.0,0.25,30,11,0.8181818181818182,1552500,90230,1642730,149339.0909090909
1.0,0.5,30,14,0.8571428571428571,1417500,96979,1514479,108177.07142857143
1.0,0.75,30,17,0.8235294117647058,1440000,107707,1547707,91041.58823529411
1.25,-1.5,30,5,0.8,1350000,100401,1450401,290080.2
1.25,-1.25,30,7,0.8571428571428571,2047500,83897,2131397,304485.28571428574
1.25,-1.0,30,8,0.875,2205000,32224,2237224,279653.0
1.25,-0.75,30,8,0.875,1800000,17295,1817295,227161.875
1.25,-0.5,30,8,0.875,1462500,8995,1471495,183936.875
1.25,-0.25,30,10,0.9,1935000,10224,1945224,194522.4
1.25,0.0,30,10,0.8,1890000,165491,2055491,205549.1
1.25,0.25,30,10,0.8,1597500,164717,1762217,176221.7
1.25,0.5,30,13,0.8461538461538461,1665000,164757,1829757,140750.53846153847
1.25,0.75,30,14,0.8571428571428571,1552500,153041,1705541,121824.35714285714
1.25,1.0,30,16,0.8125,1147500,120526,1268026,79251.625
1.5,-1.5,30,5,0.8,1417500,100219,1517719,303543.8
1.5,-1.25,30,7,0.8571428571428571,2250000,77278,2327278,332468.28571428574
1.5,-1.0,30,8,0.875,2407500,25605,2433105,304138.125
1.5,-0.75,30,8,0.875,2002500,10675,2013175,251646.875
1.5,-0.5,30,8,0.875,1665000,2375,1667375,208421.875
1.5,-0.25,30,8,0.875,1485000,-4844,1480156,185019.5
1.5,0.0,30,8,0.75,1440000,150423,1590423,198802.875
1.5,0.25,30,8,0.75,1305000,149429,1454429,181803.625
1.5,0.5,30,10,0.8,1260000,137152,1397152,139715.2
1.5,0.75,30,10,0.8,787500,140190,927690,92769.0
1.5,1.0,30,10,0.7,337500,151606,489106,48910.6
1.5,1.25,30,14,0.7857142857142857,517500,149268,666768,47626.28571428572
1.75,-1.5,30,5,0.8,1552500,100369,1652869,330573.8
1.75,-1.25,30,7,0.8571428571428571,2317500,92880,2410380,344340.0
1.75,-1.0,30,8,0.875,2520000,38602,2558602,319825.25
1.75,-0.75,30,8,0.875,2070000,23757,2093757,261719.625
1.75,-0.5,30,8,0.875,1732500,15456,1747956,218494.5
1.75,-0.25,30,8,0.875,1552500,8238,1560738,195092.25
1.75,0.0,30,8,0.875,1462500,157507,1620007,202500.875
1.75,0.25,30,8,0.875,1327500,156513,1484013,185501.625
1.75,0.5,30,9,0.7777777777777778,1125000,144875,1269875,141097.22222222222
1.75,0.75,30,9,0.7777777777777778,787500,139374,926874,102986.0
1.75,1.0,30,9,0.7777777777777778,337500,150790,488290,54254.444444444445
1.75,1.25,30,13,0.7692307692307693,967500,147612,1115112,85777.84615384616
1.75,1.5,30,15,0.7333333333333333,1215000,164113,1379113,91940.86666666667
2.0,-1.5,30,5,0.8,1507500,89664,1597164,319432.8
2.0,-1.25,30,5,0.8,1372500,139987,1512487,302497.4
2.0,-1.0,30,6,0.8333333333333334,1755000,74129,1829129,304854.8333333333
2.0,-0.75,30,6,0.8333333333333334,1395000,48687,1443687,240614.5
2.0,-0.5,30,6,0.8333333333333334,1102500,36387,1138887,189814.5
2.0,-0.25,30,6,0.8333333333333334,900000,27004,927004,154500.66666666666
2.0,0.0,30,6,0.8333333333333334,855000,172214,1027214,171202.33333333334
2.0,0.25,30,6,0.8333333333333334,720000,171221,891221,148536.83333333334
2.0,0.5,30,7,0.7142857142857143,720000,154402,874402,124914.57142857143
2.0,0.75,30,7,0.7142857142857143,382500,148767,531267,75895.28571428571
2.0,1.0,30,7,0.7142857142857143,-90000,159948,69948,9992.57142857143
2.0,1.25,30,9,0.7777777777777778,135000,154894,289894,32210.444444444445
2.0,1.5,30,11,0.8181818181818182,450000,173268,623268,56660.72727272727
2.25,-1.5,30,5,0.8,1642500,86667,1729167,345833.4
2.25,-1.25,30,5,0.8,1507500,136990,1644490,328898.0
2.25,-1.0,30,6,0.8333333333333334,1890000,71132,1961132,326855.3333333333
2.25,-0.75,30,6,0.8333333333333334,1530000,45690,1575690,262615.0
2.25,-0.5,30,6,0.8333333333333334,1237500,33389,1270889,211814.83333333334
2.25,-0.25,30,6,0.8333333333333334,990000,23766,1013766,168961.0
2.25,0.0,30,6,0.8333333333333334,945000,168976,1113976,185662.66666666666
2.25,0.25,30,6,0.8333333333333334,810000,167983,977983,162997.16666666666
2.25,0.5,30,7,0.7142857142857143,810000,151164,961164,137309.14285714287
2.25,0.75,30,7,0.7142857142857143,472500,145529,618029,88289.85714285714
2.25,1.0,30,7,0.7142857142857143,0,156710,156710,22387.14285714286
2.25,1.25,30,8,0.75,202500,135122,337622,42202.75
2.25,1.5,30,9,0.7777777777777778,337500,144937,482437,53604.11111111111
2.5,-1.5,30,4,0.75,1327500,90376,1417876,354469.0
2.5,-1.25,30,4,0.75,1237500,140222,1377722,344430.5
2.5,-1.0,30,5,0.8,1665000,74299,1739299,347859.8
2.5,-0.75,30,5,0.8,1305000,48857,1353857,270771.4
2.5,-0.5,30,5,0.8,1080000,36244,1116244,223248.8
2.5,-0.25,30,6,0.8333333333333334,1170000,23466,1193466,198911.0
2.5,0.0,30,6,0.8333333333333334,1125000,168675,1293675,215612.5
2.5,0.25,30,6,0.8333333333333334,990000,167388,1157388,192898.0
2.5,0.5,30,7,0.7142857142857143,990000,150570,1140570,162938.57142857142
2.5,0.75,30,7,0.7142857142857143,720000,144073,864073,123439.0
2.5,1.0,30,7,0.7142857142857143,292500,154714,447214,63887.71428571428
2.5,1.25,30,8,0.875,900000,107543,1007543,125942.875
2.5,1.5,30,8,0.875,765000,99483,864483,108060.375
2.75,-1.5,30,4,0.75,1552500,76593,1629093,407273.25
2.75,-1.25,30,4,0.75,1462500,126439,1588939,397234.75
2.75,-1.0,30,5,0.8,2002500,51115,2053615,410723.0
2.75,-0.75,30,5,0.8,1642500,25672,1668172,333634.4
2.75,-0.5,30,5,0.8,1417500,13059,1430559,286111.8
2.75,-0.25,30,6,0.8333333333333334,1507500,282,1507782,251297.0
2.75,0.0,30,6,0.8333333333333334,1462500,145492,1607992,267998.6666666667
2.75,0.25,30,6,0.8333333333333334,1327500,144205,1471705,245284.16666666666
2.75,0.5,30,6,0.8333333333333334,877500,142945,1020445,170074.16666666666
2.75,0.75,30,6,0.8333333333333334,675000,136395,811395,135232.5
2.75,1.0,30,7,0.8571428571428571,742500,134656,877156,125308.0
2.75,1.25,30,7,0.8571428571428571,1395000,68923,1463923,209131.85714285713
2.75,1.5,30,7,0.8571428571428571,1305000,65430,1370430,195775.7142857143
3.0,-1.5,30,4,0.75,1867500,7613,1875113,468778.25
3.0,-1.25,30,4,0.75,1777500,57459,1834959,458739.75
3.0,-1.0,30,4,0.75,1665000,50524,1715524,428881.0
3.0,-0.75,30,4,0.75,1305000,25082,1330082,332520.5
3.0,-0.5,30,4,0.75,1147500,18375,1165875,291468.75
3.0,-0.25,30,5,0.8,1440000,3852,1443852,288770.4
3.0,0.0,30,5,0.8,1395000,149062,1544062,308812.4
3.0,0.25,30,5,0.8,1327500,147906,1475406,295081.2
3.0,0.5,30,5,0.8,877500,146646,1024146,204829.2
3.0,0.75,30,5,0.8,675000,140095,815095,163019.0
3.0,1.0,30,6,0.8333333333333334,832500,138364,970864,161810.66666666666
3.0,1.25,30,6,0.8333333333333334,1462500,71686,1534186,255697.66666666666
3.0,1.5,30,6,0.8333333333333334,1350000,68887,1418887,236481.16666666666
